{
    "accuracy": 0.5626506024096386,
    "precision": 0.586687306501548,
    "recall": 0.37175085826385484,
    "auc": 0.5834276376178493
}